frequency_hz,amplitude_db,artist,title
0.0,-37.155113,BhikariBal,Khyama
21.533203125,-41.17132,BhikariBal,Khyama
43.06640625,-43.353973,BhikariBal,Khyama
64.599609375,-37.743263,BhikariBal,Khyama
86.1328125,-29.204605,BhikariBal,Khyama
107.666015625,-19.46258,BhikariBal,Khyama
129.19921875,-10.156848,BhikariBal,Khyama
150.732421875,-4.3808765,BhikariBal,Khyama
172.265625,-3.439207,BhikariBal,Khyama
193.798828125,-4.2716446,BhikariBal,Khyama
215.33203125,-1.8203449,BhikariBal,Khyama
236.865234375,-1.6531639,BhikariBal,Khyama
258.3984375,-5.4059753,BhikariBal,Khyama
279.931640625,-6.4819975,BhikariBal,Khyama
301.46484375,-5.907694,BhikariBal,Khyama
322.998046875,-7.766446,BhikariBal,Khyama
344.53125,-7.824051,BhikariBal,Khyama
366.064453125,-8.41911,BhikariBal,Khyama
387.59765625,-9.493681,BhikariBal,Khyama
409.130859375,-6.873801,BhikariBal,Khyama
430.6640625,-3.1702385,BhikariBal,Khyama
452.197265625,0.0,BhikariBal,Khyama
473.73046875,-0.8674164,BhikariBal,Khyama
495.263671875,-5.9541864,BhikariBal,Khyama
516.796875,-5.7313614,BhikariBal,Khyama
538.330078125,-5.7093735,BhikariBal,Khyama
559.86328125,-8.20154,BhikariBal,Khyama
581.396484375,-5.2779427,BhikariBal,Khyama
602.9296875,-3.2231045,BhikariBal,Khyama
624.462890625,-3.4899864,BhikariBal,Khyama
645.99609375,-5.0185165,BhikariBal,Khyama
667.529296875,-4.950287,BhikariBal,Khyama
689.0625,-2.3418694,BhikariBal,Khyama
710.595703125,-2.906477,BhikariBal,Khyama
732.12890625,-9.0773735,BhikariBal,Khyama
753.662109375,-14.324444,BhikariBal,Khyama
775.1953125,-12.62652,BhikariBal,Khyama
796.728515625,-12.981506,BhikariBal,Khyama
818.26171875,-17.410208,BhikariBal,Khyama
839.794921875,-19.05858,BhikariBal,Khyama
861.328125,-16.443874,BhikariBal,Khyama
882.861328125,-14.160793,BhikariBal,Khyama
904.39453125,-13.629653,BhikariBal,Khyama
925.927734375,-11.874453,BhikariBal,Khyama
947.4609375,-12.20137,BhikariBal,Khyama
968.994140625,-16.780373,BhikariBal,Khyama
990.52734375,-19.566671,BhikariBal,Khyama
1012.060546875,-18.022966,BhikariBal,Khyama
1033.59375,-14.237359,BhikariBal,Khyama
1055.126953125,-12.652056,BhikariBal,Khyama
1076.66015625,-14.075842,BhikariBal,Khyama
1098.193359375,-14.704231,BhikariBal,Khyama
1119.7265625,-14.943523,BhikariBal,Khyama
1141.259765625,-14.246275,BhikariBal,Khyama
1162.79296875,-10.385523,BhikariBal,Khyama
1184.326171875,-9.31748,BhikariBal,Khyama
1205.859375,-11.094892,BhikariBal,Khyama
1227.392578125,-10.760739,BhikariBal,Khyama
1248.92578125,-10.4950075,BhikariBal,Khyama
1270.458984375,-13.044067,BhikariBal,Khyama
1291.9921875,-15.207422,BhikariBal,Khyama
1313.525390625,-13.653426,BhikariBal,Khyama
1335.05859375,-13.0743065,BhikariBal,Khyama
1356.591796875,-14.6499,BhikariBal,Khyama
1378.125,-15.045458,BhikariBal,Khyama
1399.658203125,-14.041564,BhikariBal,Khyama
1421.19140625,-15.278498,BhikariBal,Khyama
1442.724609375,-19.543213,BhikariBal,Khyama
1464.2578125,-22.84915,BhikariBal,Khyama
1485.791015625,-24.878012,BhikariBal,Khyama
1507.32421875,-26.338734,BhikariBal,Khyama
1528.857421875,-25.173592,BhikariBal,Khyama
1550.390625,-22.695448,BhikariBal,Khyama
1571.923828125,-21.885391,BhikariBal,Khyama
1593.45703125,-23.156284,BhikariBal,Khyama
1614.990234375,-25.07793,BhikariBal,Khyama
1636.5234375,-24.833624,BhikariBal,Khyama
1658.056640625,-25.853083,BhikariBal,Khyama
1679.58984375,-29.072643,BhikariBal,Khyama
1701.123046875,-30.645647,BhikariBal,Khyama
1722.65625,-30.20297,BhikariBal,Khyama
1744.189453125,-29.116295,BhikariBal,Khyama
1765.72265625,-27.773857,BhikariBal,Khyama
1787.255859375,-28.256807,BhikariBal,Khyama
1808.7890625,-29.736729,BhikariBal,Khyama
1830.322265625,-28.666782,BhikariBal,Khyama
1851.85546875,-26.45301,BhikariBal,Khyama
1873.388671875,-24.80113,BhikariBal,Khyama
1894.921875,-24.48906,BhikariBal,Khyama
1916.455078125,-25.67678,BhikariBal,Khyama
1937.98828125,-25.53304,BhikariBal,Khyama
1959.521484375,-24.851353,BhikariBal,Khyama
1981.0546875,-23.862906,BhikariBal,Khyama
2002.587890625,-22.969152,BhikariBal,Khyama
2024.12109375,-22.253345,BhikariBal,Khyama
2045.654296875,-21.483212,BhikariBal,Khyama
2067.1875,-20.75888,BhikariBal,Khyama
2088.720703125,-20.08173,BhikariBal,Khyama
2110.25390625,-19.213434,BhikariBal,Khyama
2131.787109375,-20.581846,BhikariBal,Khyama
2153.3203125,-23.37813,BhikariBal,Khyama
2174.853515625,-24.493053,BhikariBal,Khyama
2196.38671875,-24.294535,BhikariBal,Khyama
2217.919921875,-23.86337,BhikariBal,Khyama
2239.453125,-24.271927,BhikariBal,Khyama
2260.986328125,-24.800352,BhikariBal,Khyama
2282.51953125,-24.409595,BhikariBal,Khyama
2304.052734375,-23.259272,BhikariBal,Khyama
2325.5859375,-21.724472,BhikariBal,Khyama
2347.119140625,-19.931879,BhikariBal,Khyama
2368.65234375,-19.531975,BhikariBal,Khyama
2390.185546875,-20.490452,BhikariBal,Khyama
2411.71875,-21.179548,BhikariBal,Khyama
2433.251953125,-20.779587,BhikariBal,Khyama
2454.78515625,-19.811275,BhikariBal,Khyama
2476.318359375,-19.185894,BhikariBal,Khyama
2497.8515625,-19.121336,BhikariBal,Khyama
2519.384765625,-18.984402,BhikariBal,Khyama
2540.91796875,-18.246227,BhikariBal,Khyama
2562.451171875,-16.81209,BhikariBal,Khyama
2583.984375,-15.694174,BhikariBal,Khyama
2605.517578125,-15.612756,BhikariBal,Khyama
2627.05078125,-15.4235115,BhikariBal,Khyama
2648.583984375,-15.311296,BhikariBal,Khyama
2670.1171875,-16.813707,BhikariBal,Khyama
2691.650390625,-19.11211,BhikariBal,Khyama
2713.18359375,-21.262188,BhikariBal,Khyama
2734.716796875,-23.124102,BhikariBal,Khyama
2756.25,-24.122921,BhikariBal,Khyama
2777.783203125,-24.27781,BhikariBal,Khyama
2799.31640625,-24.214188,BhikariBal,Khyama
2820.849609375,-24.618895,BhikariBal,Khyama
2842.3828125,-25.850504,BhikariBal,Khyama
2863.916015625,-27.163286,BhikariBal,Khyama
2885.44921875,-27.913662,BhikariBal,Khyama
2906.982421875,-27.862122,BhikariBal,Khyama
2928.515625,-28.246916,BhikariBal,Khyama
2950.048828125,-28.871763,BhikariBal,Khyama
2971.58203125,-29.423141,BhikariBal,Khyama
2993.115234375,-29.298203,BhikariBal,Khyama
3014.6484375,-29.490782,BhikariBal,Khyama
3036.181640625,-29.290176,BhikariBal,Khyama
3057.71484375,-28.312353,BhikariBal,Khyama
3079.248046875,-28.780659,BhikariBal,Khyama
3100.78125,-29.658272,BhikariBal,Khyama
3122.314453125,-30.184217,BhikariBal,Khyama
3143.84765625,-30.644394,BhikariBal,Khyama
3165.380859375,-30.678823,BhikariBal,Khyama
3186.9140625,-31.514662,BhikariBal,Khyama
3208.447265625,-32.190224,BhikariBal,Khyama
3229.98046875,-31.514206,BhikariBal,Khyama
3251.513671875,-30.052479,BhikariBal,Khyama
3273.046875,-28.407007,BhikariBal,Khyama
3294.580078125,-27.188957,BhikariBal,Khyama
3316.11328125,-27.769583,BhikariBal,Khyama
3337.646484375,-28.872978,BhikariBal,Khyama
3359.1796875,-30.019236,BhikariBal,Khyama
3380.712890625,-31.009235,BhikariBal,Khyama
3402.24609375,-31.32844,BhikariBal,Khyama
3423.779296875,-30.857815,BhikariBal,Khyama
3445.3125,-30.11658,BhikariBal,Khyama
3466.845703125,-29.1942,BhikariBal,Khyama
3488.37890625,-27.91539,BhikariBal,Khyama
3509.912109375,-25.818027,BhikariBal,Khyama
3531.4453125,-24.58903,BhikariBal,Khyama
3552.978515625,-24.636814,BhikariBal,Khyama
3574.51171875,-25.37755,BhikariBal,Khyama
3596.044921875,-26.43546,BhikariBal,Khyama
3617.578125,-26.930136,BhikariBal,Khyama
3639.111328125,-26.760181,BhikariBal,Khyama
3660.64453125,-26.396881,BhikariBal,Khyama
3682.177734375,-25.357365,BhikariBal,Khyama
3703.7109375,-24.074497,BhikariBal,Khyama
3725.244140625,-23.09552,BhikariBal,Khyama
3746.77734375,-22.269451,BhikariBal,Khyama
3768.310546875,-22.198484,BhikariBal,Khyama
3789.84375,-23.76285,BhikariBal,Khyama
3811.376953125,-25.610647,BhikariBal,Khyama
3832.91015625,-27.39975,BhikariBal,Khyama
3854.443359375,-29.441645,BhikariBal,Khyama
3875.9765625,-31.12575,BhikariBal,Khyama
3897.509765625,-31.594673,BhikariBal,Khyama
3919.04296875,-31.057327,BhikariBal,Khyama
3940.576171875,-30.176073,BhikariBal,Khyama
3962.109375,-29.469963,BhikariBal,Khyama
3983.642578125,-28.692657,BhikariBal,Khyama
4005.17578125,-28.685883,BhikariBal,Khyama
4026.708984375,-30.781307,BhikariBal,Khyama
4048.2421875,-32.229656,BhikariBal,Khyama
4069.775390625,-33.497528,BhikariBal,Khyama
4091.30859375,-34.882618,BhikariBal,Khyama
4112.841796875,-35.3619,BhikariBal,Khyama
4134.375,-35.435516,BhikariBal,Khyama
4155.908203125,-35.46714,BhikariBal,Khyama
4177.44140625,-35.44957,BhikariBal,Khyama
4198.974609375,-35.35594,BhikariBal,Khyama
4220.5078125,-35.145374,BhikariBal,Khyama
4242.041015625,-35.326828,BhikariBal,Khyama
4263.57421875,-36.35244,BhikariBal,Khyama
4285.107421875,-37.064125,BhikariBal,Khyama
4306.640625,-37.783226,BhikariBal,Khyama
4328.173828125,-38.202152,BhikariBal,Khyama
4349.70703125,-38.28808,BhikariBal,Khyama
4371.240234375,-37.683273,BhikariBal,Khyama
4392.7734375,-36.479996,BhikariBal,Khyama
4414.306640625,-35.931164,BhikariBal,Khyama
4435.83984375,-35.817543,BhikariBal,Khyama
4457.373046875,-34.934208,BhikariBal,Khyama
4478.90625,-35.10156,BhikariBal,Khyama
4500.439453125,-36.33435,BhikariBal,Khyama
4521.97265625,-36.827343,BhikariBal,Khyama
4543.505859375,-37.299587,BhikariBal,Khyama
4565.0390625,-37.521942,BhikariBal,Khyama
4586.572265625,-37.257133,BhikariBal,Khyama
4608.10546875,-37.071636,BhikariBal,Khyama
4629.638671875,-36.211494,BhikariBal,Khyama
4651.171875,-35.21479,BhikariBal,Khyama
4672.705078125,-34.51405,BhikariBal,Khyama
4694.23828125,-33.72152,BhikariBal,Khyama
4715.771484375,-33.36514,BhikariBal,Khyama
4737.3046875,-33.633682,BhikariBal,Khyama
4758.837890625,-34.001366,BhikariBal,Khyama
4780.37109375,-34.906487,BhikariBal,Khyama
4801.904296875,-35.20013,BhikariBal,Khyama
4823.4375,-35.079414,BhikariBal,Khyama
4844.970703125,-34.70501,BhikariBal,Khyama
4866.50390625,-34.10127,BhikariBal,Khyama
4888.037109375,-32.987606,BhikariBal,Khyama
4909.5703125,-31.982521,BhikariBal,Khyama
4931.103515625,-30.958672,BhikariBal,Khyama
4952.63671875,-30.976404,BhikariBal,Khyama
4974.169921875,-31.692646,BhikariBal,Khyama
4995.703125,-32.11392,BhikariBal,Khyama
5017.236328125,-32.52938,BhikariBal,Khyama
5038.76953125,-32.62855,BhikariBal,Khyama
5060.302734375,-32.659386,BhikariBal,Khyama
5081.8359375,-32.649178,BhikariBal,Khyama
5103.369140625,-31.850315,BhikariBal,Khyama
5124.90234375,-31.543924,BhikariBal,Khyama
5146.435546875,-31.426899,BhikariBal,Khyama
5167.96875,-31.003605,BhikariBal,Khyama
5189.501953125,-31.604193,BhikariBal,Khyama
5211.03515625,-32.473606,BhikariBal,Khyama
5232.568359375,-32.906475,BhikariBal,Khyama
5254.1015625,-33.2088,BhikariBal,Khyama
5275.634765625,-32.494244,BhikariBal,Khyama
5297.16796875,-31.976685,BhikariBal,Khyama
5318.701171875,-31.879002,BhikariBal,Khyama
5340.234375,-31.818462,BhikariBal,Khyama
5361.767578125,-31.849945,BhikariBal,Khyama
5383.30078125,-31.570242,BhikariBal,Khyama
5404.833984375,-30.762497,BhikariBal,Khyama
5426.3671875,-31.08886,BhikariBal,Khyama
5447.900390625,-31.753822,BhikariBal,Khyama
5469.43359375,-32.112896,BhikariBal,Khyama
5490.966796875,-32.09474,BhikariBal,Khyama
5512.5,-31.924126,BhikariBal,Khyama
5534.033203125,-31.521389,BhikariBal,Khyama
5555.56640625,-31.394674,BhikariBal,Khyama
5577.099609375,-31.21214,BhikariBal,Khyama
5598.6328125,-31.079472,BhikariBal,Khyama
5620.166015625,-30.47894,BhikariBal,Khyama
5641.69921875,-30.024038,BhikariBal,Khyama
5663.232421875,-30.672182,BhikariBal,Khyama
5684.765625,-31.464808,BhikariBal,Khyama
5706.298828125,-32.02564,BhikariBal,Khyama
5727.83203125,-32.315468,BhikariBal,Khyama
5749.365234375,-32.269146,BhikariBal,Khyama
5770.8984375,-32.23883,BhikariBal,Khyama
5792.431640625,-31.858906,BhikariBal,Khyama
5813.96484375,-31.509174,BhikariBal,Khyama
5835.498046875,-31.078068,BhikariBal,Khyama
5857.03125,-31.00455,BhikariBal,Khyama
5878.564453125,-31.246662,BhikariBal,Khyama
5900.09765625,-31.78527,BhikariBal,Khyama
5921.630859375,-32.57306,BhikariBal,Khyama
5943.1640625,-33.517445,BhikariBal,Khyama
5964.697265625,-34.283527,BhikariBal,Khyama
5986.23046875,-34.44761,BhikariBal,Khyama
6007.763671875,-34.966583,BhikariBal,Khyama
6029.296875,-35.62776,BhikariBal,Khyama
6050.830078125,-35.826187,BhikariBal,Khyama
6072.36328125,-35.96953,BhikariBal,Khyama
6093.896484375,-35.684875,BhikariBal,Khyama
6115.4296875,-35.665462,BhikariBal,Khyama
6136.962890625,-36.841885,BhikariBal,Khyama
6158.49609375,-37.25223,BhikariBal,Khyama
6180.029296875,-37.57469,BhikariBal,Khyama
6201.5625,-38.282227,BhikariBal,Khyama
6223.095703125,-38.650436,BhikariBal,Khyama
6244.62890625,-39.08775,BhikariBal,Khyama
6266.162109375,-39.42531,BhikariBal,Khyama
6287.6953125,-39.595413,BhikariBal,Khyama
6309.228515625,-39.51559,BhikariBal,Khyama
6330.76171875,-39.294464,BhikariBal,Khyama
6352.294921875,-39.633858,BhikariBal,Khyama
6373.828125,-40.52752,BhikariBal,Khyama
6395.361328125,-40.85953,BhikariBal,Khyama
6416.89453125,-41.018948,BhikariBal,Khyama
6438.427734375,-41.0352,BhikariBal,Khyama
6459.9609375,-40.94886,BhikariBal,Khyama
6481.494140625,-40.553707,BhikariBal,Khyama
6503.02734375,-40.164803,BhikariBal,Khyama
6524.560546875,-39.83699,BhikariBal,Khyama
6546.09375,-40.008484,BhikariBal,Khyama
6567.626953125,-39.777615,BhikariBal,Khyama
6589.16015625,-39.76608,BhikariBal,Khyama
6610.693359375,-40.138474,BhikariBal,Khyama
6632.2265625,-40.127213,BhikariBal,Khyama
6653.759765625,-40.046867,BhikariBal,Khyama
6675.29296875,-39.888214,BhikariBal,Khyama
6696.826171875,-38.738052,BhikariBal,Khyama
6718.359375,-38.857872,BhikariBal,Khyama
6739.892578125,-39.314213,BhikariBal,Khyama
6761.42578125,-39.15712,BhikariBal,Khyama
6782.958984375,-38.918293,BhikariBal,Khyama
6804.4921875,-39.067337,BhikariBal,Khyama
6826.025390625,-38.86001,BhikariBal,Khyama
6847.55859375,-39.05204,BhikariBal,Khyama
6869.091796875,-39.274338,BhikariBal,Khyama
6890.625,-39.912956,BhikariBal,Khyama
6912.158203125,-40.386982,BhikariBal,Khyama
6933.69140625,-40.874687,BhikariBal,Khyama
6955.224609375,-40.994427,BhikariBal,Khyama
6976.7578125,-41.190147,BhikariBal,Khyama
6998.291015625,-41.00547,BhikariBal,Khyama
7019.82421875,-40.574265,BhikariBal,Khyama
7041.357421875,-39.945763,BhikariBal,Khyama
7062.890625,-40.076298,BhikariBal,Khyama
7084.423828125,-40.24839,BhikariBal,Khyama
7105.95703125,-40.39858,BhikariBal,Khyama
7127.490234375,-40.435356,BhikariBal,Khyama
7149.0234375,-40.446327,BhikariBal,Khyama
7170.556640625,-40.24781,BhikariBal,Khyama
7192.08984375,-40.68454,BhikariBal,Khyama
7213.623046875,-40.480858,BhikariBal,Khyama
7235.15625,-40.367706,BhikariBal,Khyama
7256.689453125,-40.12658,BhikariBal,Khyama
7278.22265625,-39.637924,BhikariBal,Khyama
7299.755859375,-39.342136,BhikariBal,Khyama
7321.2890625,-39.36161,BhikariBal,Khyama
7342.822265625,-39.322933,BhikariBal,Khyama
7364.35546875,-39.28025,BhikariBal,Khyama
7385.888671875,-39.073692,BhikariBal,Khyama
7407.421875,-39.19448,BhikariBal,Khyama
7428.955078125,-39.528618,BhikariBal,Khyama
7450.48828125,-39.695045,BhikariBal,Khyama
7472.021484375,-39.492874,BhikariBal,Khyama
7493.5546875,-39.424137,BhikariBal,Khyama
7515.087890625,-39.031643,BhikariBal,Khyama
7536.62109375,-39.058556,BhikariBal,Khyama
7558.154296875,-39.112198,BhikariBal,Khyama
7579.6875,-39.146515,BhikariBal,Khyama
7601.220703125,-39.69239,BhikariBal,Khyama
7622.75390625,-39.724525,BhikariBal,Khyama
7644.287109375,-39.39485,BhikariBal,Khyama
7665.8203125,-39.944702,BhikariBal,Khyama
7687.353515625,-40.082737,BhikariBal,Khyama
7708.88671875,-40.1596,BhikariBal,Khyama
7730.419921875,-40.112095,BhikariBal,Khyama
7751.953125,-39.957214,BhikariBal,Khyama
7773.486328125,-40.823334,BhikariBal,Khyama
7795.01953125,-41.53541,BhikariBal,Khyama
7816.552734375,-41.452526,BhikariBal,Khyama
7838.0859375,-41.401936,BhikariBal,Khyama
7859.619140625,-41.44719,BhikariBal,Khyama
7881.15234375,-42.031746,BhikariBal,Khyama
7902.685546875,-42.067085,BhikariBal,Khyama
7924.21875,-41.252445,BhikariBal,Khyama
7945.751953125,-42.216778,BhikariBal,Khyama
7967.28515625,-43.324867,BhikariBal,Khyama
7988.818359375,-42.83103,BhikariBal,Khyama
8010.3515625,-42.90822,BhikariBal,Khyama
8031.884765625,-43.27794,BhikariBal,Khyama
8053.41796875,-43.66198,BhikariBal,Khyama
8074.951171875,-44.063484,BhikariBal,Khyama
8096.484375,-43.71169,BhikariBal,Khyama
8118.017578125,-43.56473,BhikariBal,Khyama
8139.55078125,-44.663437,BhikariBal,Khyama
8161.083984375,-44.841866,BhikariBal,Khyama
8182.6171875,-45.058826,BhikariBal,Khyama
8204.150390625,-44.983303,BhikariBal,Khyama
8225.68359375,-44.48291,BhikariBal,Khyama
8247.216796875,-44.788635,BhikariBal,Khyama
8268.75,-45.101734,BhikariBal,Khyama
8290.283203125,-45.161385,BhikariBal,Khyama
8311.81640625,-46.282394,BhikariBal,Khyama
8333.349609375,-46.385887,BhikariBal,Khyama
8354.8828125,-46.451797,BhikariBal,Khyama
8376.416015625,-46.390427,BhikariBal,Khyama
8397.94921875,-46.400402,BhikariBal,Khyama
8419.482421875,-46.36888,BhikariBal,Khyama
8441.015625,-46.440285,BhikariBal,Khyama
8462.548828125,-45.950775,BhikariBal,Khyama
8484.08203125,-46.79769,BhikariBal,Khyama
8505.615234375,-47.20913,BhikariBal,Khyama
8527.1484375,-47.404125,BhikariBal,Khyama
8548.681640625,-47.099358,BhikariBal,Khyama
8570.21484375,-46.955166,BhikariBal,Khyama
8591.748046875,-47.337334,BhikariBal,Khyama
8613.28125,-47.490585,BhikariBal,Khyama
8634.814453125,-46.776703,BhikariBal,Khyama
8656.34765625,-47.184734,BhikariBal,Khyama
8677.880859375,-47.112495,BhikariBal,Khyama
8699.4140625,-46.66368,BhikariBal,Khyama
8720.947265625,-46.75915,BhikariBal,Khyama
8742.48046875,-46.761597,BhikariBal,Khyama
8764.013671875,-46.60411,BhikariBal,Khyama
8785.546875,-46.77366,BhikariBal,Khyama
8807.080078125,-46.185036,BhikariBal,Khyama
8828.61328125,-46.24618,BhikariBal,Khyama
8850.146484375,-46.291954,BhikariBal,Khyama
8871.6796875,-46.15628,BhikariBal,Khyama
8893.212890625,-46.105717,BhikariBal,Khyama
8914.74609375,-45.812725,BhikariBal,Khyama
8936.279296875,-45.286205,BhikariBal,Khyama
8957.8125,-45.622658,BhikariBal,Khyama
8979.345703125,-45.64519,BhikariBal,Khyama
9000.87890625,-45.600132,BhikariBal,Khyama
9022.412109375,-45.55458,BhikariBal,Khyama
9043.9453125,-45.265015,BhikariBal,Khyama
9065.478515625,-45.065487,BhikariBal,Khyama
9087.01171875,-44.98443,BhikariBal,Khyama
9108.544921875,-44.827698,BhikariBal,Khyama
9130.078125,-44.945328,BhikariBal,Khyama
9151.611328125,-44.720848,BhikariBal,Khyama
9173.14453125,-44.74225,BhikariBal,Khyama
9194.677734375,-44.759792,BhikariBal,Khyama
9216.2109375,-44.603607,BhikariBal,Khyama
9237.744140625,-44.354305,BhikariBal,Khyama
9259.27734375,-44.071205,BhikariBal,Khyama
9280.810546875,-43.38845,BhikariBal,Khyama
9302.34375,-43.5855,BhikariBal,Khyama
9323.876953125,-43.61088,BhikariBal,Khyama
9345.41015625,-43.262337,BhikariBal,Khyama
9366.943359375,-43.061535,BhikariBal,Khyama
9388.4765625,-42.817863,BhikariBal,Khyama
9410.009765625,-42.586864,BhikariBal,Khyama
9431.54296875,-42.728283,BhikariBal,Khyama
9453.076171875,-42.600067,BhikariBal,Khyama
9474.609375,-42.704582,BhikariBal,Khyama
9496.142578125,-42.561646,BhikariBal,Khyama
9517.67578125,-42.380524,BhikariBal,Khyama
9539.208984375,-42.45426,BhikariBal,Khyama
9560.7421875,-42.334137,BhikariBal,Khyama
9582.275390625,-41.96988,BhikariBal,Khyama
9603.80859375,-41.6256,BhikariBal,Khyama
9625.341796875,-40.91554,BhikariBal,Khyama
9646.875,-40.573044,BhikariBal,Khyama
9668.408203125,-40.613976,BhikariBal,Khyama
9689.94140625,-40.477203,BhikariBal,Khyama
9711.474609375,-40.592373,BhikariBal,Khyama
9733.0078125,-40.74527,BhikariBal,Khyama
9754.541015625,-40.668274,BhikariBal,Khyama
9776.07421875,-40.69508,BhikariBal,Khyama
9797.607421875,-40.61046,BhikariBal,Khyama
9819.140625,-40.641266,BhikariBal,Khyama
9840.673828125,-40.476078,BhikariBal,Khyama
9862.20703125,-40.154503,BhikariBal,Khyama
9883.740234375,-40.22277,BhikariBal,Khyama
9905.2734375,-40.619293,BhikariBal,Khyama
9926.806640625,-40.60891,BhikariBal,Khyama
9948.33984375,-40.668964,BhikariBal,Khyama
9969.873046875,-40.54715,BhikariBal,Khyama
9991.40625,-40.432705,BhikariBal,Khyama
10012.939453125,-40.421295,BhikariBal,Khyama
10034.47265625,-40.36139,BhikariBal,Khyama
10056.005859375,-40.566444,BhikariBal,Khyama
10077.5390625,-40.93905,BhikariBal,Khyama
10099.072265625,-40.807697,BhikariBal,Khyama
10120.60546875,-40.977043,BhikariBal,Khyama
10142.138671875,-41.373596,BhikariBal,Khyama
10163.671875,-41.63563,BhikariBal,Khyama
10185.205078125,-41.922348,BhikariBal,Khyama
10206.73828125,-41.793205,BhikariBal,Khyama
10228.271484375,-41.411976,BhikariBal,Khyama
10249.8046875,-42.208336,BhikariBal,Khyama
10271.337890625,-42.374485,BhikariBal,Khyama
10292.87109375,-42.352844,BhikariBal,Khyama
10314.404296875,-42.22586,BhikariBal,Khyama
10335.9375,-41.954098,BhikariBal,Khyama
10357.470703125,-42.30249,BhikariBal,Khyama
10379.00390625,-42.57193,BhikariBal,Khyama
10400.537109375,-41.053978,BhikariBal,Khyama
10422.0703125,-41.663803,BhikariBal,Khyama
10443.603515625,-42.463432,BhikariBal,Khyama
10465.13671875,-42.41102,BhikariBal,Khyama
10486.669921875,-42.40327,BhikariBal,Khyama
10508.203125,-42.748344,BhikariBal,Khyama
10529.736328125,-42.79783,BhikariBal,Khyama
10551.26953125,-42.366,BhikariBal,Khyama
10572.802734375,-40.766953,BhikariBal,Khyama
10594.3359375,-41.17502,BhikariBal,Khyama
10615.869140625,-42.399986,BhikariBal,Khyama
10637.40234375,-42.8324,BhikariBal,Khyama
10658.935546875,-42.892338,BhikariBal,Khyama
10680.46875,-42.974514,BhikariBal,Khyama
10702.001953125,-42.996346,BhikariBal,Khyama
10723.53515625,-42.82148,BhikariBal,Khyama
10745.068359375,-41.630478,BhikariBal,Khyama
10766.6015625,-41.575256,BhikariBal,Khyama
10788.134765625,-42.424454,BhikariBal,Khyama
10809.66796875,-42.350826,BhikariBal,Khyama
10831.201171875,-42.318,BhikariBal,Khyama
10852.734375,-42.535954,BhikariBal,Khyama
10874.267578125,-42.44753,BhikariBal,Khyama
10895.80078125,-42.49417,BhikariBal,Khyama
10917.333984375,-41.877644,BhikariBal,Khyama
10938.8671875,-41.72621,BhikariBal,Khyama
10960.400390625,-42.0623,BhikariBal,Khyama
10981.93359375,-42.07972,BhikariBal,Khyama
11003.466796875,-41.907646,BhikariBal,Khyama
11025.0,-41.940437,BhikariBal,Khyama
11046.533203125,-41.91332,BhikariBal,Khyama
11068.06640625,-41.901043,BhikariBal,Khyama
11089.599609375,-41.619263,BhikariBal,Khyama
11111.1328125,-41.441174,BhikariBal,Khyama
11132.666015625,-41.57186,BhikariBal,Khyama
11154.19921875,-41.534508,BhikariBal,Khyama
11175.732421875,-41.51019,BhikariBal,Khyama
11197.265625,-41.576088,BhikariBal,Khyama
11218.798828125,-41.607094,BhikariBal,Khyama
11240.33203125,-41.475395,BhikariBal,Khyama
11261.865234375,-41.15016,BhikariBal,Khyama
11283.3984375,-40.860764,BhikariBal,Khyama
11304.931640625,-40.958286,BhikariBal,Khyama
11326.46484375,-41.07408,BhikariBal,Khyama
11347.998046875,-40.98336,BhikariBal,Khyama
11369.53125,-40.959633,BhikariBal,Khyama
11391.064453125,-40.938545,BhikariBal,Khyama
11412.59765625,-41.02314,BhikariBal,Khyama
11434.130859375,-40.85099,BhikariBal,Khyama
11455.6640625,-40.72603,BhikariBal,Khyama
11477.197265625,-40.86267,BhikariBal,Khyama
11498.73046875,-41.017174,BhikariBal,Khyama
11520.263671875,-40.955254,BhikariBal,Khyama
11541.796875,-41.093807,BhikariBal,Khyama
11563.330078125,-41.26227,BhikariBal,Khyama
11584.86328125,-41.33661,BhikariBal,Khyama
11606.396484375,-41.096897,BhikariBal,Khyama
11627.9296875,-40.872948,BhikariBal,Khyama
11649.462890625,-41.29171,BhikariBal,Khyama
11670.99609375,-41.61949,BhikariBal,Khyama
11692.529296875,-41.738583,BhikariBal,Khyama
11714.0625,-41.98712,BhikariBal,Khyama
11735.595703125,-42.042397,BhikariBal,Khyama
11757.12890625,-41.90255,BhikariBal,Khyama
11778.662109375,-41.942413,BhikariBal,Khyama
11800.1953125,-41.755096,BhikariBal,Khyama
11821.728515625,-42.056084,BhikariBal,Khyama
11843.26171875,-42.783764,BhikariBal,Khyama
11864.794921875,-42.875717,BhikariBal,Khyama
11886.328125,-43.016914,BhikariBal,Khyama
11907.861328125,-42.934937,BhikariBal,Khyama
11929.39453125,-42.994953,BhikariBal,Khyama
11950.927734375,-43.029537,BhikariBal,Khyama
11972.4609375,-42.908173,BhikariBal,Khyama
11993.994140625,-42.749214,BhikariBal,Khyama
12015.52734375,-43.18335,BhikariBal,Khyama
12037.060546875,-43.380054,BhikariBal,Khyama
12058.59375,-43.683483,BhikariBal,Khyama
12080.126953125,-43.788097,BhikariBal,Khyama
12101.66015625,-43.796486,BhikariBal,Khyama
12123.193359375,-43.77321,BhikariBal,Khyama
12144.7265625,-43.785515,BhikariBal,Khyama
12166.259765625,-43.729263,BhikariBal,Khyama
12187.79296875,-44.05282,BhikariBal,Khyama
12209.326171875,-43.99296,BhikariBal,Khyama
12230.859375,-44.33949,BhikariBal,Khyama
12252.392578125,-44.4116,BhikariBal,Khyama
12273.92578125,-44.567745,BhikariBal,Khyama
12295.458984375,-44.752052,BhikariBal,Khyama
12316.9921875,-44.591415,BhikariBal,Khyama
12338.525390625,-44.312557,BhikariBal,Khyama
12360.05859375,-44.446968,BhikariBal,Khyama
12381.591796875,-44.65949,BhikariBal,Khyama
12403.125,-44.921467,BhikariBal,Khyama
12424.658203125,-44.897118,BhikariBal,Khyama
12446.19140625,-44.855564,BhikariBal,Khyama
12467.724609375,-44.858627,BhikariBal,Khyama
12489.2578125,-45.118446,BhikariBal,Khyama
12510.791015625,-45.175896,BhikariBal,Khyama
12532.32421875,-45.228924,BhikariBal,Khyama
12553.857421875,-45.297653,BhikariBal,Khyama
12575.390625,-45.455666,BhikariBal,Khyama
12596.923828125,-45.392998,BhikariBal,Khyama
12618.45703125,-45.52234,BhikariBal,Khyama
12639.990234375,-45.44307,BhikariBal,Khyama
12661.5234375,-45.349064,BhikariBal,Khyama
12683.056640625,-45.328796,BhikariBal,Khyama
12704.58984375,-45.471504,BhikariBal,Khyama
12726.123046875,-45.565536,BhikariBal,Khyama
12747.65625,-45.7093,BhikariBal,Khyama
12769.189453125,-45.672836,BhikariBal,Khyama
12790.72265625,-45.88875,BhikariBal,Khyama
12812.255859375,-45.953568,BhikariBal,Khyama
12833.7890625,-46.170227,BhikariBal,Khyama
12855.322265625,-45.914513,BhikariBal,Khyama
12876.85546875,-45.733307,BhikariBal,Khyama
12898.388671875,-45.72148,BhikariBal,Khyama
12919.921875,-45.730556,BhikariBal,Khyama
12941.455078125,-46.003998,BhikariBal,Khyama
12962.98828125,-46.46377,BhikariBal,Khyama
12984.521484375,-46.51053,BhikariBal,Khyama
13006.0546875,-46.439583,BhikariBal,Khyama
13027.587890625,-45.685696,BhikariBal,Khyama
13049.12109375,-45.254646,BhikariBal,Khyama
13070.654296875,-45.956055,BhikariBal,Khyama
13092.1875,-46.71913,BhikariBal,Khyama
13113.720703125,-46.813164,BhikariBal,Khyama
13135.25390625,-47.0018,BhikariBal,Khyama
13156.787109375,-47.046448,BhikariBal,Khyama
13178.3203125,-47.142952,BhikariBal,Khyama
13199.853515625,-45.800514,BhikariBal,Khyama
13221.38671875,-44.735703,BhikariBal,Khyama
13242.919921875,-45.90831,BhikariBal,Khyama
13264.453125,-47.109627,BhikariBal,Khyama
13285.986328125,-47.110756,BhikariBal,Khyama
13307.51953125,-47.47367,BhikariBal,Khyama
13329.052734375,-47.65393,BhikariBal,Khyama
13350.5859375,-47.588455,BhikariBal,Khyama
13372.119140625,-47.341953,BhikariBal,Khyama
13393.65234375,-46.93064,BhikariBal,Khyama
13415.185546875,-47.114243,BhikariBal,Khyama
13436.71875,-48.01771,BhikariBal,Khyama
13458.251953125,-48.251476,BhikariBal,Khyama
13479.78515625,-48.24538,BhikariBal,Khyama
13501.318359375,-48.395508,BhikariBal,Khyama
13522.8515625,-48.60774,BhikariBal,Khyama
13544.384765625,-48.254185,BhikariBal,Khyama
13565.91796875,-47.232418,BhikariBal,Khyama
13587.451171875,-47.220734,BhikariBal,Khyama
13608.984375,-48.285027,BhikariBal,Khyama
13630.517578125,-48.542007,BhikariBal,Khyama
13652.05078125,-48.84713,BhikariBal,Khyama
13673.583984375,-48.910393,BhikariBal,Khyama
13695.1171875,-48.97767,BhikariBal,Khyama
13716.650390625,-48.623062,BhikariBal,Khyama
13738.18359375,-47.76365,BhikariBal,Khyama
13759.716796875,-47.657585,BhikariBal,Khyama
13781.25,-48.68098,BhikariBal,Khyama
13802.783203125,-48.932785,BhikariBal,Khyama
13824.31640625,-49.22773,BhikariBal,Khyama
13845.849609375,-49.43435,BhikariBal,Khyama
13867.3828125,-49.392216,BhikariBal,Khyama
13888.916015625,-48.915028,BhikariBal,Khyama
13910.44921875,-47.434456,BhikariBal,Khyama
13931.982421875,-46.77847,BhikariBal,Khyama
13953.515625,-48.165783,BhikariBal,Khyama
13975.048828125,-49.03202,BhikariBal,Khyama
13996.58203125,-49.423958,BhikariBal,Khyama
14018.115234375,-49.722687,BhikariBal,Khyama
14039.6484375,-49.760277,BhikariBal,Khyama
14061.181640625,-48.826454,BhikariBal,Khyama
14082.71484375,-46.98017,BhikariBal,Khyama
14104.248046875,-46.52447,BhikariBal,Khyama
14125.78125,-48.699615,BhikariBal,Khyama
14147.314453125,-50.376823,BhikariBal,Khyama
14168.84765625,-50.89155,BhikariBal,Khyama
14190.380859375,-51.08415,BhikariBal,Khyama
14211.9140625,-51.237694,BhikariBal,Khyama
14233.447265625,-51.2381,BhikariBal,Khyama
14254.98046875,-50.83166,BhikariBal,Khyama
14276.513671875,-50.136,BhikariBal,Khyama
14298.046875,-50.74222,BhikariBal,Khyama
14319.580078125,-51.51683,BhikariBal,Khyama
14341.11328125,-52.012726,BhikariBal,Khyama
14362.646484375,-52.049545,BhikariBal,Khyama
14384.1796875,-52.359913,BhikariBal,Khyama
14405.712890625,-52.539207,BhikariBal,Khyama
14427.24609375,-52.096153,BhikariBal,Khyama
14448.779296875,-51.06194,BhikariBal,Khyama
14470.3125,-51.204136,BhikariBal,Khyama
14491.845703125,-52.43015,BhikariBal,Khyama
14513.37890625,-53.133568,BhikariBal,Khyama
14534.912109375,-53.1667,BhikariBal,Khyama
14556.4453125,-53.049004,BhikariBal,Khyama
14577.978515625,-52.847656,BhikariBal,Khyama
14599.51171875,-53.048576,BhikariBal,Khyama
14621.044921875,-52.9618,BhikariBal,Khyama
14642.578125,-53.298985,BhikariBal,Khyama
14664.111328125,-53.59719,BhikariBal,Khyama
14685.64453125,-53.999825,BhikariBal,Khyama
14707.177734375,-53.973072,BhikariBal,Khyama
14728.7109375,-54.06793,BhikariBal,Khyama
14750.244140625,-54.0175,BhikariBal,Khyama
14771.77734375,-53.81201,BhikariBal,Khyama
14793.310546875,-53.134712,BhikariBal,Khyama
14814.84375,-53.248337,BhikariBal,Khyama
14836.376953125,-54.199955,BhikariBal,Khyama
14857.91015625,-54.83942,BhikariBal,Khyama
14879.443359375,-54.944416,BhikariBal,Khyama
14900.9765625,-54.89976,BhikariBal,Khyama
14922.509765625,-54.54247,BhikariBal,Khyama
14944.04296875,-54.733974,BhikariBal,Khyama
14965.576171875,-55.13679,BhikariBal,Khyama
14987.109375,-55.54708,BhikariBal,Khyama
15008.642578125,-55.42147,BhikariBal,Khyama
15030.17578125,-55.470573,BhikariBal,Khyama
15051.708984375,-55.52503,BhikariBal,Khyama
15073.2421875,-56.14574,BhikariBal,Khyama
15094.775390625,-56.289536,BhikariBal,Khyama
15116.30859375,-56.25259,BhikariBal,Khyama
15137.841796875,-56.26803,BhikariBal,Khyama
15159.375,-56.512005,BhikariBal,Khyama
15180.908203125,-56.669277,BhikariBal,Khyama
15202.44140625,-57.05534,BhikariBal,Khyama
15223.974609375,-57.060894,BhikariBal,Khyama
15245.5078125,-57.35919,BhikariBal,Khyama
15267.041015625,-57.342743,BhikariBal,Khyama
15288.57421875,-57.27708,BhikariBal,Khyama
15310.107421875,-56.991257,BhikariBal,Khyama
15331.640625,-57.164116,BhikariBal,Khyama
15353.173828125,-57.354145,BhikariBal,Khyama
15374.70703125,-57.78362,BhikariBal,Khyama
15396.240234375,-57.729477,BhikariBal,Khyama
15417.7734375,-57.682407,BhikariBal,Khyama
15439.306640625,-57.577682,BhikariBal,Khyama
15460.83984375,-57.517426,BhikariBal,Khyama
15482.373046875,-57.303368,BhikariBal,Khyama
15503.90625,-56.954178,BhikariBal,Khyama
15525.439453125,-56.756355,BhikariBal,Khyama
15546.97265625,-57.65338,BhikariBal,Khyama
15568.505859375,-58.066063,BhikariBal,Khyama
15590.0390625,-58.221207,BhikariBal,Khyama
15611.572265625,-58.18425,BhikariBal,Khyama
15633.10546875,-58.194607,BhikariBal,Khyama
15654.638671875,-57.7169,BhikariBal,Khyama
15676.171875,-56.893444,BhikariBal,Khyama
15697.705078125,-56.563972,BhikariBal,Khyama
15719.23828125,-57.76906,BhikariBal,Khyama
15740.771484375,-58.537384,BhikariBal,Khyama
15762.3046875,-58.510162,BhikariBal,Khyama
15783.837890625,-58.444748,BhikariBal,Khyama
15805.37109375,-58.43583,BhikariBal,Khyama
15826.904296875,-58.354618,BhikariBal,Khyama
15848.4375,-58.59272,BhikariBal,Khyama
15869.970703125,-58.7614,BhikariBal,Khyama
15891.50390625,-59.04603,BhikariBal,Khyama
15913.037109375,-59.11273,BhikariBal,Khyama
15934.5703125,-59.269344,BhikariBal,Khyama
15956.103515625,-59.114956,BhikariBal,Khyama
15977.63671875,-59.3099,BhikariBal,Khyama
15999.169921875,-59.42006,BhikariBal,Khyama
16020.703125,-60.020264,BhikariBal,Khyama
16042.236328125,-60.001675,BhikariBal,Khyama
16063.76953125,-60.25383,BhikariBal,Khyama
16085.302734375,-60.305466,BhikariBal,Khyama
16106.8359375,-60.21857,BhikariBal,Khyama
16128.369140625,-59.904076,BhikariBal,Khyama
16149.90234375,-59.938843,BhikariBal,Khyama
16171.435546875,-59.926983,BhikariBal,Khyama
16192.96875,-60.10635,BhikariBal,Khyama
16214.501953125,-60.37925,BhikariBal,Khyama
16236.03515625,-60.692028,BhikariBal,Khyama
16257.568359375,-60.882446,BhikariBal,Khyama
16279.1015625,-60.971558,BhikariBal,Khyama
16300.634765625,-60.826237,BhikariBal,Khyama
16322.16796875,-60.993996,BhikariBal,Khyama
16343.701171875,-60.906002,BhikariBal,Khyama
16365.234375,-61.155846,BhikariBal,Khyama
16386.767578125,-60.86614,BhikariBal,Khyama
16408.30078125,-61.00448,BhikariBal,Khyama
16429.833984375,-60.842373,BhikariBal,Khyama
16451.3671875,-60.93603,BhikariBal,Khyama
16472.900390625,-61.30094,BhikariBal,Khyama
16494.43359375,-61.44545,BhikariBal,Khyama
16515.966796875,-61.680855,BhikariBal,Khyama
16537.5,-61.690643,BhikariBal,Khyama
16559.033203125,-61.44704,BhikariBal,Khyama
16580.56640625,-61.635403,BhikariBal,Khyama
16602.099609375,-61.827698,BhikariBal,Khyama
16623.6328125,-62.181572,BhikariBal,Khyama
16645.166015625,-61.86248,BhikariBal,Khyama
16666.69921875,-61.729977,BhikariBal,Khyama
16688.232421875,-61.756737,BhikariBal,Khyama
16709.765625,-62.22819,BhikariBal,Khyama
16731.298828125,-62.6716,BhikariBal,Khyama
16752.83203125,-63.187283,BhikariBal,Khyama
16774.365234375,-63.00744,BhikariBal,Khyama
16795.8984375,-62.767723,BhikariBal,Khyama
16817.431640625,-62.564384,BhikariBal,Khyama
16838.96484375,-62.824852,BhikariBal,Khyama
16860.498046875,-62.984623,BhikariBal,Khyama
16882.03125,-63.343628,BhikariBal,Khyama
16903.564453125,-63.341225,BhikariBal,Khyama
16925.09765625,-63.424877,BhikariBal,Khyama
16946.630859375,-63.66078,BhikariBal,Khyama
16968.1640625,-63.948013,BhikariBal,Khyama
16989.697265625,-63.9291,BhikariBal,Khyama
17011.23046875,-63.80759,BhikariBal,Khyama
17032.763671875,-63.75975,BhikariBal,Khyama
17054.296875,-64.19728,BhikariBal,Khyama
17075.830078125,-64.3636,BhikariBal,Khyama
17097.36328125,-64.7144,BhikariBal,Khyama
17118.896484375,-64.62127,BhikariBal,Khyama
17140.4296875,-64.63542,BhikariBal,Khyama
17161.962890625,-64.25442,BhikariBal,Khyama
17183.49609375,-64.360306,BhikariBal,Khyama
17205.029296875,-64.59716,BhikariBal,Khyama
17226.5625,-64.914085,BhikariBal,Khyama
17248.095703125,-65.06645,BhikariBal,Khyama
17269.62890625,-65.03638,BhikariBal,Khyama
17291.162109375,-64.83688,BhikariBal,Khyama
17312.6953125,-65.253876,BhikariBal,Khyama
17334.228515625,-65.636444,BhikariBal,Khyama
17355.76171875,-65.84601,BhikariBal,Khyama
17377.294921875,-65.59343,BhikariBal,Khyama
17398.828125,-65.97941,BhikariBal,Khyama
17420.361328125,-66.06212,BhikariBal,Khyama
17441.89453125,-65.93016,BhikariBal,Khyama
17463.427734375,-65.69234,BhikariBal,Khyama
17484.9609375,-65.81835,BhikariBal,Khyama
17506.494140625,-65.389725,BhikariBal,Khyama
17528.02734375,-65.327286,BhikariBal,Khyama
17549.560546875,-65.73453,BhikariBal,Khyama
17571.09375,-66.47304,BhikariBal,Khyama
17592.626953125,-66.61368,BhikariBal,Khyama
17614.16015625,-66.78014,BhikariBal,Khyama
17635.693359375,-66.73663,BhikariBal,Khyama
17657.2265625,-67.263405,BhikariBal,Khyama
17678.759765625,-67.30167,BhikariBal,Khyama
17700.29296875,-66.860016,BhikariBal,Khyama
17721.826171875,-66.87248,BhikariBal,Khyama
17743.359375,-67.417496,BhikariBal,Khyama
17764.892578125,-67.48392,BhikariBal,Khyama
17786.42578125,-67.64546,BhikariBal,Khyama
17807.958984375,-67.69565,BhikariBal,Khyama
17829.4921875,-67.58179,BhikariBal,Khyama
17851.025390625,-67.22924,BhikariBal,Khyama
17872.55859375,-67.20955,BhikariBal,Khyama
17894.091796875,-67.62743,BhikariBal,Khyama
17915.625,-68.0193,BhikariBal,Khyama
17937.158203125,-68.079796,BhikariBal,Khyama
17958.69140625,-68.23877,BhikariBal,Khyama
17980.224609375,-68.12482,BhikariBal,Khyama
18001.7578125,-68.75109,BhikariBal,Khyama
18023.291015625,-69.92215,BhikariBal,Khyama
18044.82421875,-70.76915,BhikariBal,Khyama
18066.357421875,-70.87557,BhikariBal,Khyama
18087.890625,-70.906395,BhikariBal,Khyama
18109.423828125,-70.68193,BhikariBal,Khyama
18130.95703125,-69.98071,BhikariBal,Khyama
18152.490234375,-69.10852,BhikariBal,Khyama
18174.0234375,-68.65644,BhikariBal,Khyama
18195.556640625,-69.14867,BhikariBal,Khyama
18217.08984375,-70.211044,BhikariBal,Khyama
18238.623046875,-71.31047,BhikariBal,Khyama
18260.15625,-71.9692,BhikariBal,Khyama
18281.689453125,-71.98868,BhikariBal,Khyama
18303.22265625,-71.26862,BhikariBal,Khyama
18324.755859375,-70.36598,BhikariBal,Khyama
18346.2890625,-70.33957,BhikariBal,Khyama
18367.822265625,-70.940895,BhikariBal,Khyama
18389.35546875,-71.30203,BhikariBal,Khyama
18410.888671875,-71.26546,BhikariBal,Khyama
18432.421875,-71.435745,BhikariBal,Khyama
18453.955078125,-71.56866,BhikariBal,Khyama
18475.48828125,-71.47788,BhikariBal,Khyama
18497.021484375,-71.43178,BhikariBal,Khyama
18518.5546875,-71.88098,BhikariBal,Khyama
18540.087890625,-72.473236,BhikariBal,Khyama
18561.62109375,-72.70528,BhikariBal,Khyama
18583.154296875,-73.188126,BhikariBal,Khyama
18604.6875,-73.72835,BhikariBal,Khyama
18626.220703125,-73.93115,BhikariBal,Khyama
18647.75390625,-73.8089,BhikariBal,Khyama
18669.287109375,-73.83012,BhikariBal,Khyama
18690.8203125,-73.73199,BhikariBal,Khyama
18712.353515625,-73.58713,BhikariBal,Khyama
18733.88671875,-73.30225,BhikariBal,Khyama
18755.419921875,-73.36867,BhikariBal,Khyama
18776.953125,-73.60611,BhikariBal,Khyama
18798.486328125,-73.78435,BhikariBal,Khyama
18820.01953125,-73.86174,BhikariBal,Khyama
18841.552734375,-73.715996,BhikariBal,Khyama
18863.0859375,-73.7288,BhikariBal,Khyama
18884.619140625,-73.97673,BhikariBal,Khyama
18906.15234375,-74.466965,BhikariBal,Khyama
18927.685546875,-74.856735,BhikariBal,Khyama
18949.21875,-75.51261,BhikariBal,Khyama
18970.751953125,-76.2019,BhikariBal,Khyama
18992.28515625,-76.3309,BhikariBal,Khyama
19013.818359375,-76.28453,BhikariBal,Khyama
19035.3515625,-76.05897,BhikariBal,Khyama
19056.884765625,-75.91135,BhikariBal,Khyama
19078.41796875,-75.934204,BhikariBal,Khyama
19099.951171875,-76.00049,BhikariBal,Khyama
19121.484375,-75.92691,BhikariBal,Khyama
19143.017578125,-75.7464,BhikariBal,Khyama
19164.55078125,-76.06157,BhikariBal,Khyama
19186.083984375,-76.378296,BhikariBal,Khyama
19207.6171875,-76.15899,BhikariBal,Khyama
19229.150390625,-75.89247,BhikariBal,Khyama
19250.68359375,-76.40933,BhikariBal,Khyama
19272.216796875,-77.29044,BhikariBal,Khyama
19293.75,-77.46326,BhikariBal,Khyama
19315.283203125,-77.57504,BhikariBal,Khyama
19336.81640625,-77.54578,BhikariBal,Khyama
19358.349609375,-77.79037,BhikariBal,Khyama
19379.8828125,-78.085236,BhikariBal,Khyama
19401.416015625,-78.73803,BhikariBal,Khyama
19422.94921875,-79.57997,BhikariBal,Khyama
19444.482421875,-80.0,BhikariBal,Khyama
19466.015625,-80.0,BhikariBal,Khyama
19487.548828125,-80.0,BhikariBal,Khyama
19509.08203125,-80.0,BhikariBal,Khyama
19530.615234375,-80.0,BhikariBal,Khyama
19552.1484375,-80.0,BhikariBal,Khyama
19573.681640625,-80.0,BhikariBal,Khyama
19595.21484375,-80.0,BhikariBal,Khyama
19616.748046875,-80.0,BhikariBal,Khyama
19638.28125,-80.0,BhikariBal,Khyama
19659.814453125,-80.0,BhikariBal,Khyama
19681.34765625,-80.0,BhikariBal,Khyama
19702.880859375,-80.0,BhikariBal,Khyama
19724.4140625,-80.0,BhikariBal,Khyama
19745.947265625,-80.0,BhikariBal,Khyama
19767.48046875,-80.0,BhikariBal,Khyama
19789.013671875,-80.0,BhikariBal,Khyama
19810.546875,-80.0,BhikariBal,Khyama
19832.080078125,-80.0,BhikariBal,Khyama
19853.61328125,-80.0,BhikariBal,Khyama
19875.146484375,-80.0,BhikariBal,Khyama
19896.6796875,-80.0,BhikariBal,Khyama
19918.212890625,-80.0,BhikariBal,Khyama
19939.74609375,-80.0,BhikariBal,Khyama
19961.279296875,-80.0,BhikariBal,Khyama
19982.8125,-80.0,BhikariBal,Khyama
20004.345703125,-80.0,BhikariBal,Khyama
20025.87890625,-80.0,BhikariBal,Khyama
20047.412109375,-80.0,BhikariBal,Khyama
20068.9453125,-80.0,BhikariBal,Khyama
20090.478515625,-80.0,BhikariBal,Khyama
20112.01171875,-80.0,BhikariBal,Khyama
20133.544921875,-80.0,BhikariBal,Khyama
20155.078125,-80.0,BhikariBal,Khyama
20176.611328125,-80.0,BhikariBal,Khyama
20198.14453125,-80.0,BhikariBal,Khyama
20219.677734375,-80.0,BhikariBal,Khyama
20241.2109375,-80.0,BhikariBal,Khyama
20262.744140625,-80.0,BhikariBal,Khyama
20284.27734375,-80.0,BhikariBal,Khyama
20305.810546875,-80.0,BhikariBal,Khyama
20327.34375,-80.0,BhikariBal,Khyama
20348.876953125,-80.0,BhikariBal,Khyama
20370.41015625,-80.0,BhikariBal,Khyama
20391.943359375,-80.0,BhikariBal,Khyama
20413.4765625,-80.0,BhikariBal,Khyama
20435.009765625,-80.0,BhikariBal,Khyama
20456.54296875,-80.0,BhikariBal,Khyama
20478.076171875,-80.0,BhikariBal,Khyama
20499.609375,-80.0,BhikariBal,Khyama
20521.142578125,-80.0,BhikariBal,Khyama
20542.67578125,-80.0,BhikariBal,Khyama
20564.208984375,-80.0,BhikariBal,Khyama
20585.7421875,-80.0,BhikariBal,Khyama
20607.275390625,-80.0,BhikariBal,Khyama
20628.80859375,-80.0,BhikariBal,Khyama
20650.341796875,-80.0,BhikariBal,Khyama
20671.875,-80.0,BhikariBal,Khyama
20693.408203125,-80.0,BhikariBal,Khyama
20714.94140625,-80.0,BhikariBal,Khyama
20736.474609375,-80.0,BhikariBal,Khyama
20758.0078125,-80.0,BhikariBal,Khyama
20779.541015625,-80.0,BhikariBal,Khyama
20801.07421875,-80.0,BhikariBal,Khyama
20822.607421875,-80.0,BhikariBal,Khyama
20844.140625,-80.0,BhikariBal,Khyama
20865.673828125,-80.0,BhikariBal,Khyama
20887.20703125,-80.0,BhikariBal,Khyama
20908.740234375,-80.0,BhikariBal,Khyama
20930.2734375,-80.0,BhikariBal,Khyama
20951.806640625,-80.0,BhikariBal,Khyama
20973.33984375,-80.0,BhikariBal,Khyama
20994.873046875,-80.0,BhikariBal,Khyama
21016.40625,-80.0,BhikariBal,Khyama
21037.939453125,-80.0,BhikariBal,Khyama
21059.47265625,-80.0,BhikariBal,Khyama
21081.005859375,-80.0,BhikariBal,Khyama
21102.5390625,-80.0,BhikariBal,Khyama
21124.072265625,-80.0,BhikariBal,Khyama
21145.60546875,-80.0,BhikariBal,Khyama
21167.138671875,-80.0,BhikariBal,Khyama
21188.671875,-80.0,BhikariBal,Khyama
21210.205078125,-80.0,BhikariBal,Khyama
21231.73828125,-80.0,BhikariBal,Khyama
21253.271484375,-80.0,BhikariBal,Khyama
21274.8046875,-80.0,BhikariBal,Khyama
21296.337890625,-80.0,BhikariBal,Khyama
21317.87109375,-80.0,BhikariBal,Khyama
21339.404296875,-80.0,BhikariBal,Khyama
21360.9375,-80.0,BhikariBal,Khyama
21382.470703125,-80.0,BhikariBal,Khyama
21404.00390625,-80.0,BhikariBal,Khyama
21425.537109375,-80.0,BhikariBal,Khyama
21447.0703125,-80.0,BhikariBal,Khyama
21468.603515625,-80.0,BhikariBal,Khyama
21490.13671875,-80.0,BhikariBal,Khyama
21511.669921875,-80.0,BhikariBal,Khyama
21533.203125,-80.0,BhikariBal,Khyama
21554.736328125,-80.0,BhikariBal,Khyama
21576.26953125,-80.0,BhikariBal,Khyama
21597.802734375,-80.0,BhikariBal,Khyama
21619.3359375,-80.0,BhikariBal,Khyama
21640.869140625,-80.0,BhikariBal,Khyama
21662.40234375,-80.0,BhikariBal,Khyama
21683.935546875,-80.0,BhikariBal,Khyama
21705.46875,-80.0,BhikariBal,Khyama
21727.001953125,-80.0,BhikariBal,Khyama
21748.53515625,-80.0,BhikariBal,Khyama
21770.068359375,-80.0,BhikariBal,Khyama
21791.6015625,-80.0,BhikariBal,Khyama
21813.134765625,-80.0,BhikariBal,Khyama
21834.66796875,-80.0,BhikariBal,Khyama
21856.201171875,-80.0,BhikariBal,Khyama
21877.734375,-80.0,BhikariBal,Khyama
21899.267578125,-80.0,BhikariBal,Khyama
21920.80078125,-80.0,BhikariBal,Khyama
21942.333984375,-80.0,BhikariBal,Khyama
21963.8671875,-80.0,BhikariBal,Khyama
21985.400390625,-80.0,BhikariBal,Khyama
22006.93359375,-80.0,BhikariBal,Khyama
22028.466796875,-80.0,BhikariBal,Khyama
22050.0,-80.0,BhikariBal,Khyama
